Workbook

Sheet Summary
A1: Module | B1: Total TC | C1: Pass | D1: Fail | E1: Progress | F1: Status
A2: DB Posts | B2: =COUNTA('DB Posts'!A2:A100) -> 10 | C2: =COUNTIF('DB Posts'!H2:H100,"Passed") -> 10 | D2: =COUNTIF('DB Posts'!H2:H100,"Failed") -> 0 | E2: =IF(B2=0,"0%",TEXT((C2+D2)/B2,"0%")) -> 100% | F2: =IF(D2>0,"Blocked",IF(C2>=B2,"Complete","In Progress")) -> Complete
A3: DB Comments | B3: =COUNTA('DB Comments'!A2:A100) -> 5 | C3: =COUNTIF('DB Comments'!H2:H100,"Passed") -> 5 | D3: =COUNTIF('DB Comments'!H2:H100,"Failed") -> 0 | E3: =IF(B3=0,"0%",TEXT((C3+D3)/B3,"0%")) -> 100% | F3: =IF(D3>0,"Blocked",IF(C3>=B3,"Complete","In Progress")) -> Complete
A4: DB Reported Posts | B4: =COUNTA('DB Reported Posts'!A2:A100) -> 4 | C4: =COUNTIF('DB Reported Posts'!H2:H100,"Passed") -> 0 | D4: =COUNTIF('DB Reported Posts'!H2:H100,"Failed") -> 0 | E4: =IF(B4=0,"0%",TEXT((C4+D4)/B4,"0%")) -> 0% | F4: =IF(D4>0,"Blocked",IF(C4>=B4,"Complete","In Progress")) -> In Progress
A5: DB Map Notes | B5: =COUNTA('DB Map Notes'!A2:A100) -> 5 | C5: =COUNTIF('DB Map Notes'!H2:H100,"Passed") -> 0 | D5: =COUNTIF('DB Map Notes'!H2:H100,"Failed") -> 0 | E5: =IF(B5=0,"0%",TEXT((C5+D5)/B5,"0%")) -> 0% | F5: =IF(D5>0,"Blocked",IF(C5>=B5,"Complete","In Progress")) -> In Progress
A6: DB Postcards | B6: =COUNTA('DB Postcards'!A2:A100) -> 4 | C6: =COUNTIF('DB Postcards'!H2:H100,"Passed") -> 0 | D6: =COUNTIF('DB Postcards'!H2:H100,"Failed") -> 0 | E6: =IF(B6=0,"0%",TEXT((C6+D6)/B6,"0%")) -> 0% | F6: =IF(D6>0,"Blocked",IF(C6>=B6,"Complete","In Progress")) -> In Progress
A7: DB Bug Reports | B7: =COUNTA('DB Bug Reports'!A2:A100) -> 4 | C7: =COUNTIF('DB Bug Reports'!H2:H100,"Passed") -> 0 | D7: =COUNTIF('DB Bug Reports'!H2:H100,"Failed") -> 0 | E7: =IF(B7=0,"0%",TEXT((C7+D7)/B7,"0%")) -> 0% | F7: =IF(D7>0,"Blocked",IF(C7>=B7,"Complete","In Progress")) -> In Progress
A8: DB Device Identities | B8: =COUNTA('DB Device Identities'!A2:A100) -> 3 | C8: =COUNTIF('DB Device Identities'!H2:H100,"Passed") -> 0 | D8: =COUNTIF('DB Device Identities'!H2:H100,"Failed") -> 0 | E8: =IF(B8=0,"0%",TEXT((C8+D8)/B8,"0%")) -> 0% | F8: =IF(D8>0,"Blocked",IF(C8>=B8,"Complete","In Progress")) -> In Progress
A9: DB Settings | B9: =COUNTA('DB Settings'!A2:A100) -> 4 | C9: =COUNTIF('DB Settings'!H2:H100,"Passed") -> 0 | D9: =COUNTIF('DB Settings'!H2:H100,"Failed") -> 0 | E9: =IF(B9=0,"0%",TEXT((C9+D9)/B9,"0%")) -> 0% | F9: =IF(D9>0,"Blocked",IF(C9>=B9,"Complete","In Progress")) -> In Progress
A10: TOTAL | B10: =SUM(B2:B9) -> 39 | C10: =SUM(C2:C9) -> 15 | D10: =SUM(D2:D9) -> 0 | E10: =TEXT((C10+D10)/B10,"0%") -> 38% | F10: =IF(D10>0,"Blocked",IF(C10>=B10,"Complete","In Progress")) -> In Progress

Sheet DB Posts
A1: TC ID | B1: Title | C1: Precondition | D1: Test Steps | E1: SQL Query | F1: Expected Result | G1: Actual Result | H1: Status | I1: Test Data
A2: TC_DBP_01 | B2: Verify a newly created post is saved in the database | C2: 1. VentSpace app is running at http://localhost:5173. 2. Supabase Dashboard (SQL Editor or Table Editor) is open. 3. Tester has no locked name yet (fresh device). | D2: 1. Open the dashboard (/home). 2. Click "Post Something". 3. Enter name DBTester, mood Happy, text "My first DB test post". 4. Submit the post. 5. Open Supabase Table Editor -> posts. 6. Run the SQL query. | E2: SELECT * FROM posts WHERE text = 'My first DB test post' ORDER BY created_at DESC LIMIT 1; | F2: The query returns exactly one row with username = DBTester, mood = Happy, is_deleted = false, likes = 0. | G2: As expected. | H2: Passed | I2: TD_DB_01, TD_DB_02, TD_DB_03
A3: TC_DBP_02 | B3: Verify post fields save with correct data types | C3: 1. Post created in TC_DBP_01 exists. | D3: 1. In Supabase, run the SQL query. 2. Check each column's type and value. | E3: SELECT id, username, mood, likes, reactions, device_id, is_deleted, created_at FROM posts WHERE text = 'My first DB test post'; | F3: The row shows id as bigint, username as text, reactions as empty jsonb {}, device_id as uuid, is_deleted as boolean false, created_at as timestamptz. | G3: As expected. | H3: Passed | I3: TD_DB_01, TD_DB_02, TD_DB_03
A4: TC_DBP_03 | B4: Verify liking a post updates the likes count in the database | C4: 1. The TC_DBP_01 test post is visible in the feed. | D4: 1. In the dashboard feed, click the Like button on the test post. 2. Note the displayed like count. 3. Run the SQL query. | E4: SELECT reactions FROM posts WHERE text = 'My first DB test post'; | F4: The reactions column returns the count increased by one, matching the number shown in the UI. | G4: As expected. | H4: Passed | I4: TD_DB_01
A5: TC_DBP_04 | B5: Verify adding a reaction updates the reactions jsonb column | C5: 1. The TC_DBP_01 test post is visible in the feed. | D5: 1. Open the reaction picker on the test post. 2. Pick the heart reaction. 3. Run the SQL query. | E5: SELECT reactions FROM posts WHERE text = 'My first DB test post'; | F5: The reactions jsonb contains the heart emoji key with count 1. | G5: As expected. | H5: Passed | I5: TD_DB_04
A6: TC_DBP_05 | B6: Verify a deleted post is soft-deleted in the database (is_deleted flag) | C6: 1. The TC_DBP_01 test post is owned by this device. | D6: 1. In the feed, click Delete on the test post and confirm. 2. Run the SQL query. | E6: SELECT id, is_deleted FROM posts WHERE text = 'My first DB test post'; | F6: The row still exists with is_deleted = true (soft delete), and the post no longer appears in the feed. | G6: As expected. | H6: Passed | I6: TD_DB_01
A7: TC_DBP_06 | B7: Verify app delete soft-deletes the post and keeps its comments in the database | C7: 1. VentSpace app is running at http://localhost:5173. 2. Supabase Dashboard (SQL Editor or Table Editor) is open. 3. A test post with at least one comment exists. | D7: 1. In the feed, click Delete on the test post and confirm. 2. Run the post-row query. 3. Run the comment-count query. | E7: SELECT id, is_deleted FROM posts WHERE text = 'My first DB test post'; SELECT COUNT(*) FROM comments WHERE post_id = <TEST_POST_ID>; | F7: The post row still exists with is_deleted = true, and the comment count returns 0 — the delete also removed its comments and its report-queue entry. | G7: As expected. | H7: Passed | I7: TD_DB_01
A8: TC_DBP_07 | B8: Verify hard-deleting a post cascades to its comments in the database | C8: 1. VentSpace app is running at http://localhost:5173. 2. Supabase Dashboard (SQL Editor or Table Editor) is open. 3. A test post with at least one comment exists. | D8: 1. In Supabase SQL Editor, run: DELETE FROM posts WHERE id = <TEST_POST_ID>; 2. Run the SQL query. | E8: SELECT COUNT(*) FROM comments WHERE post_id = <TEST_POST_ID>; | F8: The count returns 0 — the comments were removed automatically via cascade. | G8: As expected. | H8: Passed | I8: TD_DB_01
A9: TC_DBP_08 | B9: Verify the posts rate limit is enforced per device in the database | C9: 1. The test device already created 5 posts within the auto-delete window. | D9: 1. Try creating a 6th post from the same device in the app. 2. Observe the app error. 3. Run the SQL query. | E9: SELECT COUNT(*) FROM posts WHERE device_id = '<TEST_DEVICE_ID>' AND created_at >= now() - interval '5 hours'; | F9: The count remains 5; the 6th post was rejected and no new row exists. | G9: As expected. | H9: Passed | I9: TD_DB_05
A10: TC_DBP_09 | B10: Verify a blacklisted word in a post is rejected and not saved | C10: 1. Admin settings contain the word testban in blacklisted_words. | D10: 1. In the app, create a post containing the word testban. 2. Observe the app error. 3. Run the SQL query. | E10: SELECT COUNT(*) FROM posts WHERE text ILIKE '%testban%'; | F10: The count returns 0 — the blocked post never reached the database. | G10: As expected. | H10: Passed | I10: TD_DB_06
A11: TC_DBP_10 | B11: Verify deleting a reported post also clears its report-queue entry | C11: 1. VentSpace app is running at http://localhost:5173. 2. Supabase Dashboard (SQL Editor or Table Editor) is open. 3. A test post is reported (flagged via the app). | D11: 1. In the feed, click Delete on the reported test post and confirm. 2. Run the SQL query. | E11: SELECT COUNT(*) FROM reported_posts WHERE post_id = <TEST_POST_ID>; | F11: The count returns 0 — the delete removed the report entry along with the post's comments. | G11: As expected. | H11: Passed | I11: TD_DB_10

Sheet DB Comments
A1: TC ID | B1: Title | C1: Precondition | D1: Test Steps | E1: SQL Query | F1: Expected Result | G1: Actual Result | H1: Status | I1: Test Data
A2: TC_DBPCM_01 | B2: Verify a newly added comment is saved in the database | C2: 1. VentSpace app is running at http://localhost:5173. 2. Supabase Dashboard (SQL Editor or Table Editor) is open. 3. At least one post exists in the feed. | D2: 1. Open the comments of a post. 2. Add the comment "My first DB comment". 3. Run the SQL query. | E2: SELECT * FROM comments WHERE text = 'My first DB comment' ORDER BY created_at DESC LIMIT 1; | F2: The query returns one row with the correct post_id, username, parent_id null, is_deleted false. | G2: As expected. | H2: Passed | I2: TD_DB_07
A3: TC_DBPCM_02 | B3: Verify a reply comment saves with the correct parent_id | C3: 1. A parent comment exists (TC_DBPCM_01). | D3: 1. Click Reply on the parent comment. 2. Submit the reply "Nested reply test". 3. Run the SQL query. | E3: SELECT id, parent_id, text FROM comments WHERE text = 'Nested reply test'; | F3: The row's parent_id equals the parent comment's id, forming the nested thread. | G3: As expected. | H3: Passed | I3: TD_DB_08
A4: TC_DBPCM_03 | B4: Verify editing-like flows (reactions) update the comment row | C4: 1. A test comment exists (TC_DBPCM_01). | D4: 1. React to the comment with an emoji in the app. 2. Run the SQL query. | E4: SELECT reactions FROM comments WHERE text = 'My first DB comment'; | F4: The reactions jsonb contains the chosen emoji with count 1. | G4: As expected. | H4: Passed | I4: TD_DB_07
A5: TC_DBPCM_04 | B5: Verify deleting a comment removes the row from the database | C5: 1. The test comment is owned by this device. | D5: 1. Click Delete on your comment in the app. 2. Run the SQL query. | E5: SELECT COUNT(*) FROM comments WHERE text = 'My first DB comment'; | F5: The count returns 0 — the comment row is deleted. | G5: As expected. | H5: Passed | I5: TD_DB_07
A6: TC_DBPCM_05 | B6: Verify a comment from another device cannot be deleted by this user | C6: 1. A comment from a different device exists on a post. | D6: 1. Locate the other device's comment in the app. 2. Confirm no Delete option appears. 3. Run the SQL query. | E6: SELECT device_id FROM comments WHERE id = <OTHER_COMMENT_ID>; | F6: The row's device_id differs from the current device; the app exposes no delete action for it. | G6: As expected. | H6: Passed | I6: TD_DB_09

Sheet DB Reported Posts
A1: TC ID | B1: Title | C1: Precondition | D1: Test Steps | E1: SQL Query | F1: Expected Result | G1: Actual Result | H1: Status | I1: Test Data
A2: TC_DBR_01 | B2: Verify reporting a post saves a row in reported_posts | C2: 1. VentSpace app is running at http://localhost:5173. 2. Supabase Dashboard (SQL Editor or Table Editor) is open. 3. At least one post exists in the feed. | D2: 1. Click Report (flag) on a test post and confirm. 2. Run the SQL query. | E2: SELECT * FROM reported_posts WHERE post_id = <TEST_POST_ID>; | F2: One row exists with the correct post_id and a created_at timestamp. | I2: TD_DB_10
A3: TC_DBR_02 | B3: Verify the report row links to a real post (foreign key) | C3: 1. A report row exists (TC_DBR_01). | D3: 1. Run the SQL query joining both tables. | E3: SELECT r.post_id, p.text FROM reported_posts r JOIN posts p ON p.id = r.post_id WHERE r.post_id = <TEST_POST_ID>; | F3: The join returns the report row together with the flagged post's text. | I3: TD_DB_10
A4: TC_DBR_03 | B4: Verify un-reporting removes the row from reported_posts | C4: 1. A report row exists (TC_DBR_01). | D4: 1. In the app, un-report the same post. 2. Run the SQL query. | E4: SELECT COUNT(*) FROM reported_posts WHERE post_id = <TEST_POST_ID>; | F4: The count returns 0 — the report row was deleted. | I4: TD_DB_10
A5: TC_DBR_04 | B5: Verify the admin moderation queue reflects the DB report | C5: 1. A report row exists. 2. Admin can log in. | D5: 1. Log into /admin. 2. Open the Posts tab, Reported filter. 3. Run the SQL query and compare. | E5: SELECT post_id FROM reported_posts ORDER BY created_at DESC; | F5: The posts listed in the admin Reported queue match the post_ids returned by the query. | I5: TD_DB_10

Sheet DB Map Notes
A1: TC ID | B1: Title | C1: Precondition | D1: Test Steps | E1: SQL Query | F1: Expected Result | G1: Actual Result | H1: Status | I1: Test Data
A2: TC_DBM_01 | B2: Verify a placed map note is saved with the correct location | C2: 1. VentSpace app is running at http://localhost:5173. 2. Supabase Dashboard (SQL Editor or Table Editor) is open. 3. Map finished loading. | D2: 1. Click a spot inside the Philippines (e.g. Manila). 2. Enter name DBMapTester and message "DB map note test". 3. Submit. 4. Run the SQL query. | E2: SELECT name, message, latitude, longitude FROM map_notes WHERE message = 'DB map note test'; | F2: One row exists with the name, message, and latitude/longitude near the clicked spot (inside PH bounds). | I2: TD_DB_11, TD_DB_12, TD_DB_13
A3: TC_DBM_02 | B3: Verify the note's expires_at is set 5 hours ahead | C3: 1. A test note exists (TC_DBM_01). | D3: 1. Run the SQL query. | E3: SELECT created_at, expires_at, expires_at - created_at AS lifetime FROM map_notes WHERE message = 'DB map note test'; | F3: The lifetime is 5 hours; expires_at = created_at + 5h. | I3: TD_DB_12
A4: TC_DBM_03 | B4: Verify a note outside Philippine bounds is rejected | C4: 1. Map finished loading. | D4: 1. Try placing a pin on ocean outside PH. 2. Observe the app toast. 3. Run the SQL query. | E4: SELECT COUNT(*) FROM map_notes WHERE latitude NOT BETWEEN 4.4 AND 21.2 OR longitude NOT BETWEEN 115.0 AND 131.0; | F4: The count returns 0 — no out-of-bounds row can exist (DB check constraint). | I4: TD_DB_14
A5: TC_DBM_04 | B5: Verify a deleted (admin-removed) note is removed from the database | C5: 1. A test note exists. 2. Admin can log in. | D5: 1. In /admin -> Map Notes, delete the test note. 2. Run the SQL query. | E5: SELECT COUNT(*) FROM map_notes WHERE message = 'DB map note test'; | F5: The count returns 0 — the row was deleted. | I5: TD_DB_12
A6: TC_DBM_05 | B6: Verify the note counter matches the active rows | C6: 1. Notes exist with mixed expiry states. | D6: 1. Open /map and note the "active notes" badge count. 2. Run the SQL query and compare. | E6: SELECT COUNT(*) FROM map_notes WHERE expires_at > now(); | F6: The query count equals the active notes badge shown in the UI. | I6: TD_DB_12

Sheet DB Postcards
A1: TC ID | B1: Title | C1: Precondition | D1: Test Steps | E1: SQL Query | F1: Expected Result | G1: Actual Result | H1: Status | I1: Test Data
A2: TC_DBPC_01 | B2: Verify a shared postcard is saved in the database | C2: 1. VentSpace app is running at http://localhost:5173. 2. Supabase Dashboard (SQL Editor or Table Editor) is open. | D2: 1. Open the postcard creator (/postcard). 2. Fill To = DB To, From = DB From, message "DB postcard message". 3. Click Share to Wall. 4. Run the SQL query. | E2: SELECT * FROM postcards WHERE message = 'DB postcard message' ORDER BY created_at DESC LIMIT 1; | F2: One row exists with the correct to/from values, message and style columns (bg_type, font, stickers). | I2: TD_DB_15, TD_DB_16
A3: TC_DBPC_02 | B3: Verify postcard sticker positions are stored as jsonb | C3: 1. A test postcard with 2 placed stickers exists (TC_DBPC_01 flow). | D3: 1. Add two stickers and position them before sharing. 2. Run the SQL query. | E3: SELECT stickers FROM postcards WHERE message = 'DB postcard message'; | F3: The stickers column holds a jsonb array like [{emoji, x, y}, {emoji, x, y}] with the placed positions. | I3: TD_DB_15, TD_DB_16, TD_DB_17
A4: TC_DBPC_03 | B4: Verify a deleted postcard is removed from the database | C4: 1. A test postcard exists. 2. Admin can log in. | D4: 1. In /admin -> Postcards, delete the test postcard. 2. Run the SQL query. | E4: SELECT COUNT(*) FROM postcards WHERE message = 'DB postcard message'; | F4: The count returns 0 — the row was deleted. | I4: TD_DB_16
A5: TC_DBPC_04 | B5: Verify the postcard share limit blocks a 6th card in 24h | C5: 1. The test device shared 5 postcards within 24 hours. | D5: 1. Try sharing a 6th postcard from the same device. 2. Observe the app error. 3. Run the SQL query. | E5: SELECT COUNT(*) FROM postcards WHERE device_id = '<TEST_DEVICE_ID>' AND created_at >= now() - interval '24 hours'; | F5: The count remains 5; the 6th share was rejected and no new row exists. | I5: TD_DB_18

Sheet DB Bug Reports
A1: TC ID | B1: Title | C1: Precondition | D1: Test Steps | E1: SQL Query | F1: Expected Result | G1: Actual Result | H1: Status | I1: Test Data
A2: TC_DBB_01 | B2: Verify a submitted bug report is saved in the database | C2: 1. VentSpace app is running at http://localhost:5173. 2. Supabase Dashboard (SQL Editor or Table Editor) is open. | D2: 1. Click the "Got a Bug?" floating button on /home. 2. Enter the description "DB bug report test". 3. Submit. 4. Run the SQL query. | E2: SELECT * FROM bug_reports WHERE text = 'DB bug report test' ORDER BY created_at DESC LIMIT 1; | F2: One row exists with type = bug, the reporter name and the description text. | I2: TD_DB_19
A3: TC_DBB_02 | B3: Verify a submitted idea is saved with type suggestion | C3: 1. VentSpace app is running at http://localhost:5173. 2. Supabase Dashboard (SQL Editor or Table Editor) is open. | D3: 1. Click the "Have an Idea?" floating button on /home. 2. Enter the description "DB idea test". 3. Submit. 4. Run the SQL query. | E3: SELECT type, text FROM bug_reports WHERE text = 'DB idea test'; | F3: One row exists with type = suggestion (not bug). | I3: TD_DB_20
A4: TC_DBB_03 | B4: Verify a bug report with screenshot stores the image URL | C4: 1. A small PNG file is ready for upload. | D4: 1. Submit a bug report with the screenshot attached. 2. Run the SQL query. | E4: SELECT image_url FROM bug_reports WHERE text = 'DB bug report test' ORDER BY created_at DESC LIMIT 1; | F4: The image_url column contains the storage URL of the uploaded screenshot. | I4: TD_DB_19, TD_DB_21
A5: TC_DBB_04 | B5: Verify an admin-deleted report is removed from the database | C5: 1. A test report exists. 2. Admin can log in. | D5: 1. In /admin -> Feedback, delete the test report. 2. Run the SQL query. | E5: SELECT COUNT(*) FROM bug_reports WHERE text = 'DB bug report test'; | F5: The count returns 0 — the row was deleted. | I5: TD_DB_19

Sheet DB Device Identities
A1: TC ID | B1: Title | C1: Precondition | D1: Test Steps | E1: SQL Query | F1: Expected Result | G1: Actual Result | H1: Status | I1: Test Data
A2: TC_DBI_01 | B2: Verify posting with a new name locks the identity in the database | C2: 1. VentSpace app is running at http://localhost:5173. 2. Supabase Dashboard (SQL Editor or Table Editor) is open. 3. The device has no locked name yet. | D2: 1. Create a post with the name DBIdentityTester. 2. Run the SQL query. | E2: SELECT * FROM device_identities WHERE username = 'DBIdentityTester'; | F2: One row exists with the device's uuid and the username DBIdentityTester. | I2: TD_DB_22
A3: TC_DBI_02 | B3: Verify the locked name is reused for the next post (single row) | C3: 1. The identity row exists (TC_DBI_01). | D3: 1. Create a second post from the same device. 2. Run the SQL query. | E3: SELECT COUNT(*) FROM device_identities WHERE device_id = '<TEST_DEVICE_ID>'; | F3: The count returns 1 — the same row is reused, no duplicate created. | I3: TD_DB_22
A4: TC_DBI_03 | B4: Verify an admin name-unlock deletes the identity row | C4: 1. The identity row exists. 2. Admin can log in. | D4: 1. In /admin, run Reset All Hours (or RESET user). 2. Run the SQL query. | E4: SELECT COUNT(*) FROM device_identities WHERE username = 'DBIdentityTester'; | F4: The count returns 0 — the lock was cleared and the device can pick a new name. | I4: TD_DB_22

Sheet DB Settings
A1: TC ID | B1: Title | C1: Precondition | D1: Test Steps | E1: SQL Query | F1: Expected Result | G1: Actual Result | H1: Status | I1: Test Data
A2: TC_DBS_01 | B2: Verify changing the auto-delete hours is saved in the database | C2: 1. Admin can log in. | D2: 1. Log into /admin -> Settings. 2. Change the Auto-Delete Timer to 24 hours. 3. Run the SQL query. | E2: SELECT value FROM settings WHERE key = 'auto_delete_hours'; | F2: The value is stored as 24 (jsonb) and survives a page refresh. | I2: TD_DB_23
A3: TC_DBS_02 | B3: Verify the blacklisted words list is saved in the database | C3: 1. Admin can log in. | D3: 1. In /admin -> Settings, add the word dbtestban to Blacklisted Words. 2. Run the SQL query. | E3: SELECT value FROM settings WHERE key = 'blacklisted_words'; | F3: The jsonb array contains dbtestban alongside the existing words. | I3: TD_DB_25
A4: TC_DBS_03 | B4: Verify removing a blacklisted word updates the database row | C4: 1. The word dbtestban exists in the list (TC_DBS_02). | D4: 1. Remove the word in /admin -> Settings. 2. Run the SQL query. | E4: SELECT value FROM settings WHERE key = 'blacklisted_words'; | F4: The jsonb array no longer contains dbtestban. | I4: TD_DB_25
A5: TC_DBS_04 | B5: Verify an invalid settings value is rejected and not saved | C5: 1. Admin is logged in. | D5: 1. Via API, try to set auto_delete_hours to 200 (allowed 1-168). 2. Observe the rejection. 3. Run the SQL query. | E5: SELECT value FROM settings WHERE key = 'auto_delete_hours'; | F5: The value remains the last valid number; 200 was never written. | I5: TD_DB_23, TD_DB_24

Sheet Test Data
A1: TD ID | B1: Field | C1: Test Data | D1: Valid/Invalid | E1: Used In TC
A2: TD_DB_01 | B2: Post Text | C2: My first DB test post | D2: Valid | E2: TC_DBP_01, TC_DBP_02, TC_DBP_05, TC_DBP_06, TC_DBP_07
A3: TD_DB_02 | B3: Post Username | C3: DBTester | D3: Valid | E3: TC_DBP_01, TC_DBP_02
A4: TD_DB_03 | B4: Post Mood | C4: Happy | D4: Valid | E4: TC_DBP_01, TC_DBP_02
A5: TD_DB_04 | B5: Reaction | C5: Heart emoji | D5: Valid | E5: TC_DBP_04
A6: TD_DB_05 | B6: Post Rate | C6: 5 posts already created in 5 hours | D6: Invalid | E6: TC_DBP_08
A7: TD_DB_06 | B7: Blacklisted Word | C7: testban | D7: Invalid | E7: TC_DBP_09, TC_DBS_02
A8: TD_DB_07 | B8: Comment Text | C8: My first DB comment | D8: Valid | E8: TC_DBPCM_01, TC_DBPCM_03, TC_DBPCM_04
A9: TD_DB_08 | B9: Reply Text | C9: Nested reply test | D9: Valid | E9: TC_DBPCM_02
A10: TD_DB_09 | B10: Foreign Comment | C10: Comment owned by another device | D10: Valid | E10: TC_DBPCM_05
A11: TD_DB_10 | B11: Reported Post | C11: The TC_DBP_01 test post flagged | D11: Valid | E11: TC_DBR_01, TC_DBR_02, TC_DBR_03, TC_DBR_04, TC_DBP_10
A12: TD_DB_11 | B12: Map Note Name | C12: DBMapTester | D12: Valid | E12: TC_DBM_01, TC_DBM_02
... A26: TD_DB_25 | B26: Setting Word | C26: dbtestban | D26: Valid | E26: TC_DBS_02, TC_DBS_03

Sheet Options
A1: Status
A2: Passed
A3: Failed
A4: Blocked
A5: Not Executed
